Split Ratio,Test Accuracy (%)
50%-50%,0.9795918367346939
60%-40%,1.0
80%-19%,0.9818181818181818
90%-9%,1.0
